rep,bloque,h,n_pal,filas,n_variantes,p_maestro,conf,n_dist3,lex,S,t_seg
Es un buen profesor.,EVAL,H0_CENSO,4,15826,20,POS,0.95362586,1,True,1,4.712121212121212
Bueno.,EVAL,H0_CENSO,1,9745,3,NEU,0.48487982,1,True,2,3.8030303030303028
Buen profesor.,EVAL,H0_CENSO,2,6738,7,POS,0.87981415,1,True,1,4.1060606060606055
Es un muy buen profesor.,EVAL,H0_CENSO,5,3138,8,POS,0.97512823,1,False,0,5.015151515151516
Es bueno.,EVAL,H0_CENSO,2,2051,10,POS,0.6301971,1,True,2,4.1060606060606055
Bien.,EVAL,H0_CENSO,1,1787,2,POS,0.7325294,1,True,2,3.8030303030303028
Muy bueno.,EVAL,H0_CENSO,2,1628,13,POS,0.8803326,1,False,0,4.1060606060606055
Es una buena profesora.,EVAL,H0_CENSO,4,1587,7,POS,0.9568601,1,True,1,4.712121212121212
Sin comentarios.,EVAL,H0_CENSO,2,1292,12,NEU,0.44675177,2,False,2,4.1060606060606055
muy buen profesor,EVAL,H0_CENSO,3,1221,7,POS,0.9587184,1,False,0,4.409090909090909
Es muy buen profesor.,EVAL,H0_CENSO,4,634,5,POS,0.96881515,1,False,0,4.712121212121212
Está bien.,EVAL,H0_CENSO,2,629,5,POS,0.75820255,2,True,3,4.1060606060606055
No está mal.,EVAL,H0_CENSO,3,518,3,POS,0.5810835,1,False,1,4.409090909090909
Excelente,EVAL,H0_CENSO,1,502,4,NEU,0.47786242,2,False,2,3.8030303030303028
Es un profesor excelente.,EVAL,H0_CENSO,4,473,7,POS,0.9659226,1,False,0,4.712121212121212
Es una muy buena profesora.,EVAL,H0_CENSO,5,402,3,POS,0.97256315,1,False,0,5.015151515151516
Profesor excelente,EVAL,H0_CENSO,2,301,3,NEU,0.41178074,2,False,2,4.1060606060606055
Un buen profesor,EVAL,H0_CENSO,3,294,5,POS,0.7949398,1,True,2,4.409090909090909
Es muy bueno,EVAL,H0_CENSO,3,293,8,POS,0.85890967,1,False,0,4.409090909090909
Gran profesor,EVAL,H0_CENSO,2,277,8,POS,0.51512396,1,False,1,4.1060606060606055
No.,EVAL,H0_CENSO,1,256,2,NEU,0.46754187,1,False,1,3.8030303030303028
Es un profesor muy agradable.,EVAL,H0_CENSO,5,255,4,POS,0.9762716,1,False,0,5.015151515151516
es el mejor profesor.,EVAL,H0_CENSO,4,254,4,POS,0.95516104,1,False,0,4.712121212121212
Ninguno.,EVAL,H0_CENSO,1,230,1,NEU,0.5276439,2,False,2,3.8030303030303028
El mejor,EVAL,H0_CENSO,2,229,5,NEU,0.48240355,2,False,2,4.1060606060606055
es el mejor,EVAL,H0_CENSO,3,219,8,POS,0.88151836,1,False,0,4.409090909090909
Es buena,EVAL,H0_CENSO,2,218,5,NEU,0.5061455,2,True,3,4.1060606060606055
Es un gran profesor.,EVAL,H0_CENSO,4,201,3,POS,0.9658346,1,False,0,4.712121212121212
Realmente es un buen profesor.,EVAL,H0_CENSO,5,181,2,POS,0.969865,1,True,1,5.015151515151516
Es uno de los mejores profesores de aiub.,EVAL,H0_CENSO,8,174,5,POS,0.96009123,1,False,0,5.924242424242424
gracias,EVAL,H0_CENSO,1,170,3,NEU,0.4961093,2,False,2,3.8030303030303028
Es una buena persona.,EVAL,H0_CENSO,4,167,4,POS,0.95574236,1,True,1,4.712121212121212
"En general, es un buen profesor.",EVAL,H0_CENSO,6,162,5,POS,0.9567975,1,True,1,5.318181818181818
es un excelente profesor.,EVAL,H0_CENSO,4,160,4,POS,0.97330326,1,False,0,4.712121212121212
Nada.,EVAL,H0_CENSO,1,152,2,NEU,0.48368105,1,False,1,3.8030303030303028
Es un profesor agradable.,EVAL,H0_CENSO,4,152,4,POS,0.96956617,1,False,0,4.712121212121212
El mejor profesor,EVAL,H0_CENSO,3,150,5,POS,0.8749088,1,False,0,4.409090909090909
No es un buen profesor.,EVAL,H0_CENSO,5,140,2,NEG,0.9188671,1,True,1,5.015151515151516
Creo que es un buen profesor.,EVAL,H0_CENSO,6,137,3,POS,0.9579689,1,True,1,5.318181818181818
Más o menos.,EVAL,H0_CENSO,3,130,3,NEU,0.7613426,1,True,2,4.409090909090909
Desempeño promedio.,EVAL,H1_CORTO,2,1,1,NEU,0.6388141,3,True,3,4.1060606060606055
Es extraordinario.,EVAL,H1_CORTO,2,2,2,POS,0.9091684,1,False,0,4.1060606060606055
Realmente malo,EVAL,H1_CORTO,2,6,1,NEU,0.4623021,2,False,2,4.1060606060606055
Es genial.,EVAL,H1_CORTO,2,107,5,POS,0.8276434,1,False,1,4.1060606060606055
Desempeño sobresaliente.,EVAL,H1_CORTO,2,2,1,POS,0.91289604,2,False,1,4.1060606060606055
Profesor.,EVAL,H1_CORTO,1,18,2,NEU,0.5107382,1,False,1,3.8030303030303028
Es cooperativa,EVAL,H1_CORTO,2,2,1,NEU,0.61355406,1,False,1,4.1060606060606055
Puntual,EVAL,H1_CORTO,1,3,1,NEU,0.51848876,1,False,1,3.8030303030303028
una tontería.,EVAL,H1_CORTO,2,1,1,NEG,0.70498985,1,False,1,4.1060606060606055
Excelentes habilidades.,EVAL,H1_CORTO,2,1,1,POS,0.95106864,1,False,0,4.1060606060606055
Responsable.,EVAL,H1_CORTO,1,2,1,NEU,0.51657504,1,False,1,3.8030303030303028
Profesor respetable.,EVAL,H1_CORTO,2,2,1,POS,0.6266171,2,False,2,4.1060606060606055
gseb ndfg,EVAL,H1_CORTO,2,1,1,NEU,0.6276097,2,False,2,4.1060606060606055
Hombre culto.,EVAL,H1_CORTO,2,1,1,POS,0.56445694,2,False,2,4.1060606060606055
Está dibujando.,EVAL,H1_CORTO,2,1,1,NEU,0.6321643,1,False,1,4.1060606060606055
Muy listo,EVAL,H1_CORTO,2,2,1,NEU,0.53773516,2,False,2,4.1060606060606055
Buenos modales.,EVAL,H1_CORTO,2,2,1,NEU,0.4797437,2,False,2,4.1060606060606055
es magnífico.,EVAL,H1_CORTO,2,8,2,POS,0.87492424,1,False,0,4.1060606060606055
Necesita mejorar.,EVAL,H1_CORTO,2,15,1,NEU,0.5145249,3,True,3,4.1060606060606055
profesor brillante,EVAL,H1_CORTO,2,4,1,NEU,0.48319992,2,False,2,4.1060606060606055
Es uno de los mejores profesores de aiub. Tiene muchos conocimientos y sabe cómo hacer que sus estudiantes aprendan más que solo los materiales de estudio.,EVAL,H2a_T0,26,1,1,POS,0.9730119,1,False,0,11.378787878787879
Tiene una personalidad agradable. Explica las cosas de una manera muy loable.,EVAL,H2a_T0,12,1,1,POS,0.9689051,1,False,0,7.136363636363637
Me cae muy bien. Siempre se preocupa por mí. Es muy amable.,EVAL,H2a_T0,12,1,1,POS,0.9615842,1,False,0,7.136363636363637
Buena persona y nos enseña muy bien.,EVAL,H2a_T0,7,1,1,POS,0.9621859,1,False,0,5.621212121212121
"Disfruto mucho su clase, porque la hace amena con buenos ejemplos.",EVAL,H2a_T0,11,1,1,POS,0.95843416,1,False,0,6.833333333333334
muy buen profesor y ante todo sincero,EVAL,H2a_T0,7,1,1,POS,0.9621242,1,False,0,5.621212121212121
No es idóneo como docente de este curso.,EVAL,H2a_T0,8,1,1,NEG,0.9506111,1,False,0,5.924242424242424
No tiene capacidad para enseñar a los estudiantes. Siempre pierde el tiempo en clase.,EVAL,H2a_T0,14,1,1,NEG,0.9638412,1,False,0,7.742424242424242
Es un profesor con mucha experiencia y bueno.,EVAL,H2a_T0,8,3,1,POS,0.957992,1,False,0,5.924242424242424
es muy agradable y todos disfrutamos su clase.,EVAL,H2a_T0,8,1,1,POS,0.9795808,1,False,0,5.924242424242424
Es muy buen profesor para esta materia,EVAL,H2a_T0,7,5,1,POS,0.9437771,1,False,0,5.621212121212121
Es un profesor brillante y talentoso. Su comportamiento es muy bueno.,EVAL,H2a_T0,11,1,1,POS,0.9796387,1,False,0,6.833333333333334
El maestro más divertido y con más personalidad que he visto.,EVAL,H2a_T0,11,1,1,POS,0.96449375,1,False,0,6.833333333333334
El profesor Shafiqul es mi profesor favorito favorito. Su estilo de enseñanza es muy bueno.,EVAL,H2a_T0,15,1,1,POS,0.9724505,1,False,0,8.045454545454547
No entendemos lo que nos quiere enseñar. Tarda mucho tiempo en hacer entender cualquier cosa.,EVAL,H2a_T0,15,1,1,NEG,0.89971006,1,False,0,8.045454545454547
Su estilo de enseñanza no es muy bueno y los estudiantes no sienten interés por esta materia.,EVAL,H2a_T0,17,1,1,NEG,0.9776732,1,False,0,8.651515151515152
El profesor es simplemente el mejor.,EVAL,H2a_T0,6,1,1,POS,0.9648452,1,False,0,5.318181818181818
Uno de mis profesores favoritos. Me gusta asistir a cada una de sus clases. Me gusta su método de enseñanza. Especialmente me gustan los trabajos en grupo que nos da en clase y que de verdad nos ayudan.,EVAL,H2a_T0,38,1,1,POS,0.9785498,1,False,0,15.015151515151516
Es muy buen profesor y se asegura de que el estudiante haya entendido bien su lección.,EVAL,H2a_T0,16,1,1,POS,0.9654879,1,False,0,8.348484848484848
"entiendo la clase de la profesora, ella es capaz de aclarar nuestros conceptos sobre los temas de aprendizaje.",EVAL,H2a_T0,18,1,1,POS,0.94517154,1,False,0,8.954545454545455
No me gusta la política de la clase.,EVAL,H2a_T0,8,1,1,NEG,0.8967935,1,False,0,5.924242424242424
"Islam, M.M. Obaidul es eficaz, calificado, cooperativo y muy cercano a nosotros.",EVAL,H2a_T0,12,1,1,POS,0.85002303,1,False,0,7.136363636363637
Lo quiero y él nos quiere. El profesor Obaidul es muy buen profesor.,EVAL,H2a_T0,13,1,1,POS,0.9700651,1,False,0,7.4393939393939394
Es el profesor más cariñoso.,EVAL,H2a_T0,5,1,1,POS,0.93933153,1,False,0,5.015151515151516
gracias! esperaba tenerlo como profesor en algun curso. finalmente tuve la oportunidad de tener clase con usted.,EVAL,H2a_T0,17,1,1,POS,0.9577411,1,False,0,8.651515151515152
Es un profesor excelente. Espero que la universidad lo trate como corresponde.,EVAL,H2a_T0,12,1,1,POS,0.9646587,1,False,0,7.136363636363637
"Tiene conocimientos y experiencia excepcionales sobre arquitectura. Ilustra con ejemplos. Como profesor, es muy franco y abierto con los estudiantes.",EVAL,H2a_T0,20,1,1,POS,0.95528173,1,False,0,9.56060606060606
Es muy bueno en diseño de compiladores. Creo que es uno de los mejores en este curso,EVAL,H2a_T0,17,1,1,POS,0.97588027,1,False,0,8.651515151515152
"Buena persona con buen comportamiento, muy buen conocimiento de bases de datos y VB, con gran profundidad de conocimiento.",EVAL,H2a_T0,19,1,1,POS,0.9257696,1,False,0,9.257575757575758
Es un gran profesor. Su desempeño es excelente. Nos enseña muy muy bien. En general es el mejor profesor.,EVAL,H2a_T0,19,1,1,POS,0.9794775,1,False,0,9.257575757575758
Es bueno. Tiene algo en su actitud que realmente ayuda al estudiante a mantenerse en clase. Buen profesor.,EVAL,H2b_F1,18,1,1,POS,0.9750336,1,True,1,9.954545454545455
Es un profesor realmente bueno para los estudiantes.,EVAL,H2b_F1,8,1,1,POS,0.9707729,1,True,1,6.924242424242424
Me cae bien porque enseña bien el laboratorio y da buenas clases.,EVAL,H2b_F1,12,1,1,POS,0.9658492,1,True,1,8.136363636363637
¡Es realmente bueno!,EVAL,H2b_F1,3,3,3,POS,0.9349685,1,True,1,5.409090909090909
Siempre esta bien preparado.,EVAL,H2b_F1,4,3,1,POS,0.8450002,1,False,1,5.712121212121212
"Sí, el estilo de enseñanza es bastante bueno y favorable. Debería desarrollarse más la interacción.",EVAL,H2b_F1,15,1,1,POS,0.94196963,1,True,1,9.045454545454547
creo que no es tan bueno como se suponía que sería y espero que lo haga mejor la próxima vez.,EVAL,H2b_F1,20,1,1,NEG,0.7111709,1,False,1,10.56060606060606
"Bienvenido y felicidades. Espero que nos esperen mejores empleos. Buena suerte, profesor, y cuídese.",EVAL,H2b_F1,14,1,1,POS,0.94457555,1,True,1,8.742424242424242
Creo que tiene un enorme conocimiento de la materia de mi curso. Su comportamiento es simplemente relajado. Esa es la clave principal de cualquier profesor. Por eso aprendimos bien.,EVAL,H2b_F1,29,1,1,POS,0.9672184,1,True,1,13.287878787878789
es un buen profesor y trata de ayudar a todos los estudiantes,EVAL,H2b_F1,12,1,1,POS,0.954974,1,True,1,8.136363636363637
Es una profesora muy agradable. Estamos aprendiendo algo de ella.,EVAL,H2b_F1,10,1,1,POS,0.9715002,1,True,1,7.53030303030303
No tiene habilidad para enseñar. Solo tiene un conocimiento memorizado.,EVAL,H2b_F1,10,2,1,NEG,0.55518675,1,False,1,7.53030303030303
El profesor más equilibrado que he visto,EVAL,H2b_F1,7,1,1,POS,0.7586759,1,False,1,6.621212121212121
creo que es realmente perfecto para dictar el laboratorio de a.c,EVAL,H2b_F1,11,1,1,POS,0.84946156,1,False,1,7.833333333333334
Su estilo de enseñanza es de nivel B+.,EVAL,H2b_F1,8,3,1,POS,0.89013004,2,False,1,6.924242424242424
Es un buen profesor. Sabe enseñar derecho comercial.,EVAL,H2b_F1,8,1,1,POS,0.94797,1,True,1,6.924242424242424
creo que es una buena profesora. Su método de enseñanza es bueno.,EVAL,H2b_F1,12,1,1,POS,0.97385514,1,True,1,8.136363636363637
es un buen profesor y muy divertido. lo único es que se ríe demasiado en clase.,EVAL,H2b_F1,16,1,1,POS,0.9637163,1,True,1,9.348484848484848
A veces él mismo no tiene claro lo que está enseñando. Para mí no es suficientemente bueno.,EVAL,H2b_F1,17,1,1,NEG,0.9195663,1,True,1,9.651515151515152
Enseña su lección de forma muy comprensible y es muy efectivo para el estudiante.,EVAL,H2b_F1,14,1,1,POS,0.9664648,2,False,1,8.742424242424242
No es adecuado para todos los tipos de estudiantes. No logró motivar a los estudiantes débiles.,EVAL,H2b_F1,16,1,1,NEG,0.9572959,1,True,1,9.348484848484848
"mmm, es un buen profesor. Me gusta su enseñanza. :-)",EVAL,H2b_F1,10,4,1,POS,0.98046297,1,True,1,7.53030303030303
Su cara agradable y alegre es notable. Buen profesor.,EVAL,H2b_F1,9,1,1,POS,0.97938913,1,True,1,7.2272727272727275
Es un profesor bueno y responsable.,EVAL,H2b_F1,6,1,1,POS,0.923458,1,True,1,6.318181818181818
el material es difícil.,EVAL,H2b_F1,4,1,1,NEG,0.8302745,1,False,1,5.712121212121212
Es un buen profesor. Creo que AIUB necesita este tipo de profesores.,EVAL,H2b_F1,12,1,1,POS,0.9442591,1,True,1,8.136363636363637
¡Nadie puede preguntarle nada!,EVAL,H2b_F1,4,1,1,NEG,0.5929392,1,False,1,5.712121212121212
"Es una de las mejores profesoras de aiub. Ha mejorado mucho respecto al pasado. Su estilo de enseñanza, su política de exámenes y su comportamiento son simplemente buenos. Debería continuar así. Aprendemos algo de ella.",EVAL,H2b_F1,35,1,1,POS,0.96756774,1,True,1,15.106060606060607
Un profesor que trata de preparar a los estudiantes para enfrentar la vida practica o profesional de forma independiente. Gracias tanto al profesor como a la administracion de la universidad.,EVAL,H2b_F1,30,1,1,POS,0.8778375,2,False,1,13.590909090909092
"Es una profesora agradable, además de muy estricta y amable.",EVAL,H2b_F1,10,1,1,POS,0.96925765,2,False,1,7.53030303030303
Quiere hacerlo mejor para ayudar a los estudiantes a mejorar su desempeño en clase y su conocimiento. Trata de identificar especialmente a los más lentos que no logran entender las materias. Por eso es un buen profesor.,EVAL,H2b_F1,37,5,1,POS,0.85687,1,True,1,15.712121212121213
"Estoy orgulloso de ser estudiante de este profesor. Creo que Ghani, Md. Bayzid es un buen profesor por su buena enseñanza, comprensión, buen desempeño docente y buen comportamiento.",EVAL,H2b_F1,28,1,1,POS,0.9649678,1,True,1,12.984848484848484
Es una profesora agradable y tiene un buen método para hacer que la clase se entienda.,EVAL,H2b_F1,16,1,1,POS,0.9746192,1,True,1,9.348484848484848
Es un buen profesor. Le deseo suerte.,EVAL,H2b_F1,7,1,1,POS,0.96477747,1,True,1,6.621212121212121
Tiene buen dominio.,EVAL,H2b_F1,3,1,1,POS,0.92630583,1,True,1,5.409090909090909
siempre miente sobre su posición,EVAL,H2b_F1,5,1,1,NEG,0.6789275,1,False,1,6.015151515151516
Necesita saber cómo enseñar a los estudiantes.,EVAL,H2b_F1,7,1,1,NEU,0.679704,1,False,1,6.621212121212121
Es un buen profesor. Yo también lo apoyo.,EVAL,H2b_F1,8,1,1,POS,0.9583066,1,True,1,6.924242424242424
es un profesor muy honesto.,EVAL,H2b_F1,5,8,1,POS,0.9329199,2,False,1,6.015151515151516
es un buen profesor y es muy servicial.,EVAL,H2b_F1,8,1,1,POS,0.972671,2,False,1,6.924242424242424
Ayuda a entender la materia y a hacerla más fácil de comprender.,EVAL,H3_F2,12,1,1,POS,0.7660509,2,False,2,9.636363636363637
"Bueno, debería dedicar más tiempo a ciertos puntos relacionados con la clase.",EVAL,H3_F2,12,1,1,NEU,0.81321144,1,True,2,9.636363636363637
Bueno y cuidadoso.,EVAL,H3_F2,3,3,1,POS,0.83369225,2,True,3,6.909090909090909
"Está bien, pero no excepcional.",EVAL,H3_F2,5,1,1,NEU,0.7612845,2,True,3,7.515151515151516
"Es un profesor excelente, pero su método de enseñanza es muy difícil. Por ejemplo, su sistema de exámenes sorpresa a menudo perjudica nuestra calificación.",EVAL,H3_F2,24,1,1,NEG,0.93383294,2,True,2,13.272727272727273
"Es un buen tipo, pero hay un problema con el. A veces agranda mucho las cosas pequeñas. Aun asi, es un muy buen profesor.",EVAL,H3_F2,24,1,1,POS,0.5585322,3,True,3,13.272727272727273
no dio puntos parciales,EVAL,H3_F2,4,1,1,NEU,0.57159364,2,False,2,7.212121212121212
Mantiene un buen y adecuado horario de clases.,EVAL,H3_F2,8,1,1,POS,0.65060467,1,True,2,8.424242424242424
"Es nueva, así que necesita mucho más tiempo para familiarizarse con la enseñanza.",EVAL,H3_F2,13,1,1,POS,0.80323064,2,False,2,9.93939393939394
"su estilo de ensenanza es bueno. cada clase revisa, despues de ensenar, si entendimos el tema.",EVAL,H3_F2,16,1,1,NEU,0.5362353,2,True,3,10.848484848484848
"Es un profesor muy agradable, pero es muy duro con el sistema de calificación.",EVAL,H3_F2,14,1,1,NEG,0.7260822,2,True,3,10.242424242424242
Debe mejorar como profesor.,EVAL,H3_F2,4,1,1,NEU,0.4739639,1,True,2,7.212121212121212
creo que es una buena profesora. hace todo lo posible para que las lecciones nos queden claras. pero a la mayoría de nosotros no.,EVAL,H3_F2,24,1,1,POS,0.72194535,1,True,2,13.272727272727273
Su conocimiento sobre este tema es bueno. Pero a veces no entendemos. El 50% de los estudiantes viene del departamento de ciencias. Es difícil de entender.,EVAL,H3_F2,26,1,1,NEG,0.7744948,2,True,3,13.878787878787879
"si los estudiantes pudieran ver su examen de cuestionario y de parcial, entonces podrían entender sus errores y hacerlo bien en el final.",EVAL,H3_F2,23,1,1,NEU,0.69672453,1,True,2,12.969696969696969
"Es una buena profesora, pero debería desarrollar su técnica de enseñanza.",EVAL,H3_F2,11,1,1,NEU,0.5013003,2,True,3,9.333333333333334
"Para hacer entender las matemáticas de forma más fácil y sencilla, trata de poner al estudiante en la mejor posición.",EVAL,H3_F2,20,1,1,POS,0.743458,2,False,2,12.06060606060606
"No está mal, pero tampoco tan bueno.",EVAL,H3_F2,7,2,1,NEU,0.53308153,3,True,3,8.121212121212121
"Sabe todo sobre la materia, pero no puede enseñarnos adecuadamente.",EVAL,H3_F2,10,3,1,NEG,0.6894278,1,True,2,9.030303030303031
"Muy buen profesor, pero deberia haber ensenado mas sobre la materia.",EVAL,H3_F2,11,1,1,NEU,0.4964528,2,True,3,9.333333333333334
"Es un buen profesor. Como estudiante de MBA, espero un comportamiento más profesional.",EVAL,H3_F2,13,1,1,POS,0.8462575,1,True,2,9.93939393939394
"es muy servicial y amigable, pero en la clase de laboratorio va muy rápido. si diera más tiempo a cada tema sería más útil",EVAL,H3_F2,24,2,1,POS,0.89726275,2,True,2,13.272727272727273
"Esta bien, pero deberia aclarar mas sus materiales de clase, especialmente para los estudiantes de BBA.",EVAL,H3_F2,16,1,1,NEU,0.83018166,1,True,2,10.848484848484848
Necesita algo de conocimiento sobre enseñanza.,EVAL,H3_F2,6,1,1,NEU,0.6466572,1,True,2,7.818181818181818
"Nuestro respetable profesor. Habla bastante rápido, con énfasis, de modo que a veces no entendemos lo que quiere decir. Es bueno.",EVAL,H3_F2,21,1,1,POS,0.893582,2,True,2,12.363636363636363
no da puntos parciales,EVAL,H3_F2,4,1,1,NEG,0.76170254,2,False,2,7.212121212121212
"Es bueno pero a veces su actitud se vuelve irritante, especialmente con los horarios de sus clases de recuperación o adicionales.",EVAL,H3_F2,21,1,1,NEG,0.9041284,2,True,2,12.363636363636363
"Es buena, pero debería ser más moderada al poner notas.",EVAL,H3_F2,10,1,1,NEU,0.5033798,1,True,2,9.030303030303031
"si hablo con honestidad, es un profesor realmente bueno para los conceptos de contabilidad; es cierto que tuvimos la mala suerte de no tenerlo desde el comienzo de este curso.",EVAL,H3_F2,30,1,1,NEG,0.7733635,3,True,3,15.090909090909092
"Es un buen profesor. Debería explicar los experimentos de laboratorio, sus procedimientos y resultados de forma más detallada a los estudiantes.",EVAL,H3_F2,21,1,1,POS,0.7680143,1,True,2,12.363636363636363
Necesita ser un poco más detallado en cuanto a la clase,EVAL,H3_F2,11,1,1,NEU,0.79172575,1,True,2,9.333333333333334
"Bien, pero debería ser más amigable.",EVAL,H3_F2,6,1,1,NEU,0.7779925,1,True,2,7.818181818181818
"Es un buen profesor, pero no es atento con los estudiantes más flojos. Debería dar más tiempo a los estudiantes para entender su clase.",EVAL,H3_F2,24,1,1,NEG,0.57765996,2,True,3,13.272727272727273
Debería dar puntos extra.,EVAL,H3_F2,4,2,1,NEU,0.82343644,3,True,3,7.212121212121212
No tiene suficiente confianza. Creo que debería capacitarse mejor. A veces confunde su material de enseñanza.,EVAL,H3_F2,16,1,1,NEG,0.6923562,1,True,2,10.848484848484848
nos hace entender la materia muy claramente.,EVAL,H3_F2,7,1,1,POS,0.80232555,2,False,2,8.121212121212121
"No tan bueno. Él entiende todo, pero no se lo transmite al estudiante.",EVAL,H3_F2,13,1,1,NEU,0.7137077,2,True,3,9.93939393939394
Es muy puntual para la clase.,EVAL,H3_F2,6,1,1,NEU,0.67235345,2,False,2,7.818181818181818
"El Sr. Mujibur Rahman es un buen profesor, aunque los estudiantes más lentos podrían encontrarlo un poco demasiado rápido.",EVAL,H3_F2,19,1,1,POS,0.7025578,1,True,2,11.757575757575758
"considérenos, por favor.",EVAL,H3_F2,3,1,1,NEU,0.6069056,2,False,2,6.909090909090909
Creo que es un profesor de nivel promedio.,EVAL,H3_F2,8,1,1,NEU,0.79370695,2,True,3,8.424242424242424
Básicamente es agradable. Pero es demasiado estricto durante los exámenes. Y a veces es parcial con algunos estudiantes.,EVAL,H3_F2,18,1,1,NEU,0.8287913,2,True,3,11.454545454545455
creo que debería ser más flexible y averiguar qué tipo de problemas enfrentan los estudiantes.,EVAL,H3_F2,15,1,1,NEU,0.7725644,1,True,2,10.545454545454547
Esta entre el punado de buenos profesores de EEE.,EVAL,H3_F2,9,1,1,NEU,0.6342544,2,False,2,8.727272727272727
Es regular. Solo regular.,EVAL,H3_F2,4,1,1,NEG,0.597495,2,True,3,7.212121212121212
"es un profesor maravilloso. es el mejor, pero su voz es demasiado baja.",EVAL,H3_F2,13,1,1,POS,0.7407325,1,True,2,9.93939393939394
Debería tener más cuidado con los estudiantes al responderles de manera correcta. Debería modificar su política de exámenes porque está muy orientada a la teoría.,EVAL,H3_F2,25,1,1,NEU,0.6983847,1,True,2,13.575757575757576
Debes mejorar tu conocimiento.,EVAL,H3_F2,4,1,1,POS,0.65720755,2,True,3,7.212121212121212
Necesita ir un poco más despacio al dar la clase.,EVAL,H3_F2,10,1,1,NEU,0.7162428,1,True,2,9.030303030303031
"Bueno, pero a veces pierde la paciencia.",EVAL,H3_F2,7,1,1,NEU,0.49418882,2,True,3,8.121212121212121
"Es experimentado, pero es un perdedor. Además es una persona habladora. No tiene ninguna simpatía por los estudiantes hombres, pero tiene predilección por las estudiantes mujeres.",EVAL,H3_F2,26,1,1,NEG,0.79481107,2,True,3,13.878787878787879
Puede que hayas olvidado de dónde te graduaste.,EVAL,H3_F2,8,1,1,NEU,0.5238691,2,False,2,8.424242424242424
Debería ser más comprensible.,EVAL,H3_F2,4,1,1,NEU,0.6554182,2,True,3,7.212121212121212
"La situación actual es buena para nosotros; si AIUB organizara un curso básico de inglés para los estudiantes, nos sería aún más útil.",EVAL,H3_F2,23,2,1,POS,0.67807513,1,True,2,12.969696969696969
"Es un muy buen profesor, pero a veces te tomas demasiado en serio cosas simples.",EVAL,H3_F2,15,1,1,POS,0.59904087,3,True,3,10.545454545454547
La profesora Usha es una gran persona.,TRAIN,H2a_T0,7,1,1,POS,0.97164685,1,False,0,5.621212121212121
Puedo decir que el profesor Tareq tiene muy buen conocimiento de su materia y su comportamiento es el de un profesor ejemplar.,TRAIN,H2a_T0,22,1,1,POS,0.9733561,1,False,0,10.166666666666668
Nuestro profesor es genial enseñando y motivando a sus estudiantes; realmente lo aprecio.,TRAIN,H2a_T0,13,2,1,POS,0.97363245,1,False,0,7.4393939393939394
Es un buen profesor. Su forma de enseñar es excelente. Creo que es uno de los mejores profesores de AIUB.,TRAIN,H2a_T0,20,1,1,POS,0.97603,1,False,0,9.56060606060606
"Puedo describir su calidad. Es uno de los grandes profesores de AIUB. No solo es profesor, sino también amigo.",TRAIN,H2a_T0,19,3,1,POS,0.9601275,1,False,0,9.257575757575758
Es perfecto como profesor,TRAIN,H2a_T0,4,1,1,POS,0.9101426,1,False,0,4.712121212121212
Tiene muy buen método de enseñanza.,TRAIN,H2a_T0,6,1,1,POS,0.9729301,1,False,0,5.318181818181818
Simplemente es el mejor profesor de ingeniería de software.,TRAIN,H2a_T0,9,1,1,POS,0.9476456,1,False,0,6.2272727272727275
es un profesor muy guapo y agradable en aiub.,TRAIN,H2a_T0,9,1,1,POS,0.9734433,1,False,0,6.2272727272727275
"El profesor es agradable y amable, no hay nada de qué quejarse.",TRAIN,H2a_T0,12,1,1,POS,0.96644944,1,False,0,7.136363636363637
"es muy trabajador, y eso hace que todos sus defectos desaparezcan",TRAIN,H2b_F1,11,1,1,NEG,0.89637816,2,False,1,7.833333333333334
Me gusta bien su sistema de enseñanza.,TRAIN,H2b_F1,7,1,1,POS,0.9642128,1,True,1,6.621212121212121
el dr. bijoy bhushon das es un profesor para ser modelo a seguir de los estudiantes.,TRAIN,H2b_F1,16,1,1,POS,0.90634793,2,False,1,9.348484848484848
Tiene buena personalidad.,TRAIN,H2b_F1,3,18,1,POS,0.93343276,1,True,1,5.409090909090909
"En general, el profesor es bueno.",TRAIN,H2b_F1,6,3,1,POS,0.9039011,1,True,1,6.318181818181818
Es un buen profesor de finanzas.,TRAIN,H2b_F1,6,1,1,POS,0.950479,1,True,1,6.318181818181818
es muy servicial y querido,TRAIN,H2b_F1,5,1,1,POS,0.96031535,2,False,1,6.015151515151516
Es muy alentador.,TRAIN,H2b_F1,3,3,1,POS,0.88575554,2,False,1,5.409090909090909
"Persona muy educada, culta y de buen comportamiento. Muy agradable y muy respetable como profesor.",TRAIN,H2b_F1,15,2,1,POS,0.96922785,2,False,1,9.045454545454547
Es una profesora de primer nivel.,TRAIN,H2b_F1,6,1,1,POS,0.86555773,2,False,1,6.318181818181818
Esta materia se ha vuelto un pánico para nosotros por las malas notas. Deberían darnos algunos puntos extra. Nos será muy difícil continuar con esta nota. También sería muy doloroso perder puntos en esta materia.,TRAIN,H2b_F1,35,2,1,NEG,0.98023856,1,True,1,15.106060606060607
Su forma de enseñar es realmente buena,TRAIN,H2b_F1,7,1,1,POS,0.9733165,1,True,1,6.621212121212121
no cuida a todos los estudiantes. se porta mal con algunos. no enseña bien la lección.,TRAIN,H2b_F1,16,1,1,NEG,0.9608761,1,True,1,9.348484848484848
Nunca ve las cosas desde la perspectiva del estudiante. No sabe enseñar aunque sabe mucho.,TRAIN,H2b_F1,15,1,1,NEG,0.89422476,1,True,1,9.045454545454547
Explica teorias complejas de una manera facil.,TRAIN,H2b_F1,7,1,1,NEU,0.49766693,1,False,1,6.621212121212121
"Tiene buen método de enseñanza; en general, un buen profesor.",TRAIN,H2b_F1,10,1,1,POS,0.92833906,1,True,1,7.53030303030303
No es apta para aiub.,TRAIN,H2b_F1,5,1,1,NEG,0.8335439,1,False,1,6.015151515151516
Buen profesor. Fácil de entender,TRAIN,H2b_F1,5,1,1,POS,0.9329863,1,True,1,6.015151515151516
Buen hombre y buen profesor. Sonrisa dulce.,TRAIN,H2b_F1,7,1,1,POS,0.96444815,1,True,1,6.621212121212121
"Buen profesor. A veces estricto, pero apropiado para algunos estudiantes.",TRAIN,H2b_F1,10,1,1,POS,0.85809,1,True,1,7.53030303030303
"Ha sido muy efectivo y tiene un vasto conocimiento del tema. Es la persona indicada para impartir este curso; en una palabra, 'dinámico'. Debería mostrar un poco más su sonrisa.",TRAIN,H2b_F1,30,1,1,POS,0.96067727,1,True,1,13.590909090909092
el profesor mohiuddin es un buen docente.,TRAIN,H2b_F1,7,1,1,POS,0.9718071,1,True,1,6.621212121212121
Profesor veterano y constante.,TRAIN,H2b_F1,4,1,1,POS,0.8297281,1,False,1,5.712121212121212
Me cae bien por su inteligencia y su buen comportamiento.,TRAIN,H2b_F1,10,1,1,POS,0.9698612,1,True,1,7.53030303030303
Es lo suficientemente bueno en su trabajo particular.,TRAIN,H2b_F1,8,1,1,POS,0.9403291,1,True,1,6.924242424242424
Es una profesora eficiente,TRAIN,H2b_F1,4,1,1,POS,0.6698204,1,False,1,5.712121212121212
"es un profesor nuevo en nuestra universidad, pero es un muy buen profesor.",TRAIN,H2b_F1,13,1,1,POS,0.94109327,1,True,1,8.43939393939394
Buen profesor. Sin duda. Que Dios lo bendiga.,TRAIN,H2b_F1,8,1,1,POS,0.95545673,1,True,1,6.924242424242424
Habla demasiado de temas que no tienen relación con el estudio de la geografía económica.,TRAIN,H2b_F1,15,1,1,NEG,0.9193851,1,True,1,9.045454545454547
Es un profesor bien entrenado.,TRAIN,H2b_F1,5,2,1,POS,0.950108,1,True,1,6.015151515151516
"creo que el señor md. shafiqul islam es un profesor muy responsable, con personalidad y puntual.",TRAIN,H2b_F1,16,1,1,POS,0.9449686,2,False,1,9.348484848484848
"En general, es un buen profesor y estaríamos más contentos si diera ejemplos y casos más realistas",TRAIN,H2b_F1,17,1,1,POS,0.8923061,1,True,1,9.651515151515152
"Es muy, muy estricta.",TRAIN,H2b_F1,4,1,1,NEG,0.5160255,1,False,1,5.712121212121212
Es eficiente y eficaz.,TRAIN,H2b_F1,4,3,1,POS,0.73487407,1,False,1,5.712121212121212
"profesor muy honorable, amable y de trato suave.",TRAIN,H2b_F1,8,1,1,POS,0.94435245,2,False,1,6.924242424242424
Es muy buen profesor. Me gusta mucho. Creo que la mayoría de los profesores deberían ser como Emdad,TRAIN,H2b_F1,18,1,1,POS,0.95663685,1,True,1,9.954545454545455
Es un buen profesor para todos los profesores,TRAIN,H2b_F1,8,1,1,POS,0.9388725,1,True,1,6.924242424242424
"Es una gran profesora, una buena profesora.",TRAIN,H2b_F1,7,2,1,POS,0.97023475,1,True,1,6.621212121212121
"El profesor nos da ejemplos de muy buena manera y motiva a los estudiantes, lo cual es algo bueno.",TRAIN,H2b_F1,19,1,1,POS,0.9771289,1,True,1,10.257575757575758
Es un profesor sobresaliente.,TRAIN,H2b_F1,4,20,1,POS,0.938073,2,False,1,5.712121212121212
"desde mi perspectiva, es una de las mejores profesoras de aiub. Hay algunas razones. Una es que revisa a todos y cada uno de los estudiantes para ver si entienden o no.",TRAIN,H3_F2,32,1,1,NEU,0.5130871,2,False,2,15.696969696969697
"Es un buen profesor, pero debería preocuparse por los estudiantes que son débiles. Y prestar más atención a la calificación.",TRAIN,H3_F2,20,1,1,NEU,0.46737936,2,True,3,12.06060606060606
"el profesor mannan es un docente muy firme y estricto. debería mejorar su comportamiento con los estudiantes, especialmente con los que estudiaron en inglés. tiene la tendencia de odiar a los estudiantes de habla inglesa sin importar qué.",TRAIN,H3_F2,38,1,1,NEG,0.8123791,1,True,2,17.515151515151516
"Es un muy buen profesor, pero nos estresa mucho.",TRAIN,H3_F2,9,1,1,NEG,0.58013994,2,True,3,8.727272727272727
"Es un buen profesor pero su voz es muy baja, lo que dificulta entender con claridad y también dificulta escuchar lo que dice. Aun así, sabe dar ejemplos y conceptos relevantes. Debería subir la voz.",TRAIN,H3_F2,35,1,1,NEG,0.8543316,2,True,2,16.60606060606061
Siempre calificas bajo.,TRAIN,H3_F2,3,1,1,NEG,0.8440749,2,False,2,6.909090909090909
"el tema es subjetivo, sin embargo podria hacerse mas interesante.",TRAIN,H3_F2,10,1,1,NEU,0.7613512,1,True,2,9.030303030303031
"Está bien, pero no domina la materia. Otro problema es su forma de hablar.",TRAIN,H3_F2,14,1,1,NEG,0.65956706,1,True,2,10.242424242424242
"Es un buen profesor, pero su método de enseñanza no es tan bueno. Cree en la memorización. Es muy difícil para el estudiante memorizar todo. Por eso le pido que cambie este método de enseñanza basado en la memorización.",TRAIN,H3_F2,39,1,1,NEG,0.9523157,2,True,2,17.81818181818182
"Bueno, pero necesita cuestionarios como el quiz 3. Debe tener más cuidado al hablar. Necesita más práctica en redes de computadoras. Esta materia es aburrida, hay que hacer la lección interesante.",TRAIN,H3_F2,31,1,1,NEU,0.5960099,2,True,3,15.393939393939394
"tiene amplio conocimiento, pero su estilo no es suficiente. las clases a veces son aburridas. pero es un buen profesor.",TRAIN,H3_F2,20,1,1,NEU,0.44339544,2,True,3,12.06060606060606
"Es un profesor de matemáticas promedio, pero necesita ser más amable con los estudiantes.",TRAIN,H3_F2,14,1,1,NEU,0.7401984,1,True,2,10.242424242424242
Debería desempeñarse bien en los cursos superiores.,TRAIN,H3_F2,7,1,1,NEU,0.76229024,1,True,2,8.121212121212121
"Esta bien, pero siempre posterga las respuestas a las preguntas de los estudiantes sobre los materiales de estudio que no se entendieron.",TRAIN,H3_F2,22,1,1,NEG,0.78175634,2,True,3,12.666666666666668
quizás sea bueno.,TRAIN,H3_F2,3,2,1,POS,0.7269212,1,True,2,6.909090909090909
Debería cambiar su actitud hacia los estudiantes.,TRAIN,H3_F2,7,1,1,NEG,0.6654295,2,True,3,8.121212121212121
Todos los demás están bien.,TRAIN,H3_F2,5,1,1,POS,0.70436805,2,True,3,7.515151515151516
Se volvió al banquillo.,TRAIN,H3_F2,4,1,1,NEU,0.571404,2,False,2,7.212121212121212
Bueno. Pero debería dar buenas notas cuando las merecemos,TRAIN,H3_F2,9,1,1,NEU,0.5925232,2,True,3,8.727272727272727
"Necesitamos cada vez más docentes jóvenes. Por supuesto, tendrán la orientación de los docentes veteranos.",TRAIN,H3_F2,15,1,1,POS,0.66445875,2,False,2,10.545454545454547
El profesor Farhad está bien.,TRAIN,H3_F2,5,1,1,POS,0.853655,2,True,2,7.515151515151516
Un profesor muy bueno y comprensivo. Pero seria muy util si diera la clase en ingles.,TRAIN,H3_F2,16,1,1,POS,0.91108865,2,True,2,10.848484848484848
Es bueno enseñando. Pero,TRAIN,H3_F2,4,1,1,NEU,0.55676234,2,True,3,7.212121212121212
Debería ser menos estricto.,TRAIN,H3_F2,4,1,1,NEU,0.5032125,2,True,3,7.212121212121212
"No conozco a este profesor, ¿quién es? Mi profesor de tesis es Moinul, pero aparece Jahidul. Estoy muy confundido con esto. Completé mi TBI hace muchos días.",TRAIN,H3_F2,27,1,1,NEG,0.6711814,2,True,3,14.181818181818182
"Es nuevo, pero es el mejor en economía.",TRAIN,H3_F2,8,1,1,POS,0.47661853,1,True,2,8.424242424242424
Es atenta en nuestra clase.,TRAIN,H3_F2,5,2,1,NEU,0.63280284,2,False,2,7.515151515151516
mejorate a ti mismo,TRAIN,H3_F2,4,1,1,POS,0.4983404,2,False,2,7.212121212121212
"Creo que tiene buen conocimiento de computación, pero debería seguir las diapositivas o el libro. A veces no sabemos cómo debemos estudiar ni de dónde. Es un buen profesor.",TRAIN,H3_F2,29,1,1,POS,0.65910786,1,True,2,14.787878787878789
No lo suficientemente bueno.,TRAIN,H3_F2,4,10,1,NEG,0.5139245,1,True,2,7.212121212121212
No tiene mucha idea sobre IA.,TRAIN,H3_F2,6,1,1,NEG,0.5356149,2,False,2,7.818181818181818
Debería ser más abierto con los estudiantes en cuanto a la enseñanza.,TRAIN,H3_F2,12,1,1,NEU,0.6259488,1,True,2,9.636363636363637
"No es cortés cuando los estudiantes le hacen preguntas y además es totalmente impredecible. Es muy desalentador para los estudiantes hacerle cualquier pregunta. Debería cambiar ese tipo de comportamiento; por lo demás, es un buen profesor para nosotros.",TRAIN,H3_F2,38,2,1,NEG,0.9519797,2,True,2,17.515151515151516
El profesor necesita ser un poco más estricto con el ruido en clase y no debería dejar entrar tarde a los estudiantes. Es bastante distractor.,TRAIN,H3_F2,25,1,1,NEG,0.9159089,2,True,2,13.575757575757576
Realmente es un profesor servicial.,TRAIN,H3_F2,5,1,1,NEG,0.8049942,2,False,2,7.515151515151516
"Mi comentario es simplemente wow. Dudo que haya alguien en la universidad que pueda explicar tan bien como él. Una vez que explica algo, se queda grabado en la cabeza.",TRAIN,H3_F2,30,1,1,NEG,0.7536746,2,True,3,15.090909090909092
es un buen profesor pero su nivel de enseñanza es demasiado alto para mí.,TRAIN,H3_F2,14,1,1,NEG,0.8150279,2,True,3,10.242424242424242
"Es una buena persona y tambien un buen profesor, pero su comportamiento no es muy bueno.",TRAIN,H3_F2,16,1,1,NEG,0.8259765,2,True,3,10.848484848484848
"El profesor es bastante bueno, pero debería hacer los temas un poco más interesantes.",TRAIN,H3_F2,14,1,1,POS,0.597538,2,True,3,10.242424242424242
"Debería tratar de ser más claro con la materia; simplemente avanza rápido, sin considerar si lo estamos siguiendo o no.",TRAIN,H3_F2,20,1,1,NEU,0.84233034,2,True,3,12.06060606060606
Tiene conocimientos limitados sobre este curso.,TRAIN,H3_F2,6,1,1,NEU,0.7518124,2,False,2,7.818181818181818
Debería ser amable con los estudiantes.,TRAIN,H3_F2,6,3,1,NEU,0.70199025,1,True,2,7.818181818181818
Trata de terminar el temario demasiado rápido.,TRAIN,H3_F2,7,1,1,NEU,0.7414458,2,True,3,8.121212121212121
"Se esfuerza al máximo, pero los estudiantes no logran aprender del todo.",TRAIN,H3_F2,12,2,1,NEG,0.7495728,1,True,2,9.636363636363637
"Bueno, pero demasiado estricto.",TRAIN,H3_F2,4,2,1,NEU,0.7488388,2,True,3,7.212121212121212
muy buen profesor. pero nunca sonríe en clase. queremos ver su cara sonriente.,TRAIN,H3_F2,13,1,1,NEU,0.44565833,2,True,3,9.93939393939394
"Es un profesor bueno e inteligente. Nos enseña bien, pero lo único es que no nos da tantas calificaciones como quisiéramos.",TRAIN,H3_F2,21,1,1,NEG,0.5040572,2,True,3,12.363636363636363
"Con buenos modales, un poco confuso al principio, pero ahora me parece bien.",TRAIN,H3_F2,13,2,1,POS,0.5791472,1,True,2,9.93939393939394
"Excelente, pero pone preguntas difíciles.",TRAIN,H3_F2,5,1,1,NEG,0.66634107,3,True,3,7.515151515151516
"Siempre nos da tareas todo el tiempo, pero nos ensena un curso corto.",TRAIN,H3_F2,13,1,1,NEU,0.5918129,1,True,2,9.93939393939394
"mmm, es bueno",TRAIN,H3_F2,3,1,1,POS,0.7304672,1,True,2,6.909090909090909
"Sabe muchas cosas, pero no las transmite adecuadamente.",TRAIN,H3_F2,8,1,1,NEU,0.49765068,2,True,3,8.424242424242424
"Es el mejor en esta sección. Pero, profesor, sea constante.",TRAIN,H3_F2,10,1,1,POS,0.7463691,1,True,2,9.030303030303031
Se necesita algo de claridad sobre su comprensión,TRAIN,H3_F2,8,1,1,NEU,0.70160156,1,True,2,8.424242424242424
"Es un buen profesor, pero habla muy rápido.",TRAIN,H3_F2,8,4,3,POS,0.7708397,1,True,2,8.424242424242424
Es un buen profesor que no regala calificaciones.,TRAIN,H3_F2,8,1,1,POS,0.896903,2,True,2,8.424242424242424
No tengo nada que decir sobre ella.,TRAIN,H3_F2,7,1,1,NEU,0.5667195,2,False,2,8.121212121212121
No muy hábil como profesor.,TRAIN,H3_F2,5,1,1,NEG,0.7311288,1,True,2,7.515151515151516
No es mala para electrónica analógica.,TRAIN,H3_F2,6,1,1,NEU,0.6340167,2,False,2,7.818181818181818
Solo da la clase leyendo el libro del curso. No conoce el temario del curso.,TRAIN,H3_F2,15,1,1,NEG,0.7733725,2,False,2,10.545454545454547
"Es un buen profesor, pero a veces es tan rápido que no se le entiende.",TRAIN,H3_F2,15,1,1,NEG,0.7246365,2,True,3,10.545454545454547
"Es un buen profesor, pero debería mejorar la interacción con los estudiantes",TRAIN,H3_F2,12,1,1,POS,0.6577796,1,True,2,9.636363636363637
"Es buena, pero no cuenta la asistencia si alguien llega tarde por cualquier motivo. Además da notas muy bajas.",TRAIN,H3_F2,19,1,1,NEG,0.8847645,2,True,2,11.757575757575758
es un buen profesor y un buen hombre. pero no permite que sus estudiantes se expresen.,TRAIN,H3_F2,16,1,1,NEU,0.49511805,2,True,3,10.848484848484848
Muy activo y deberia ser ascendido.,TRAIN,H3_F2,6,1,1,POS,0.5439857,2,True,3,7.818181818181818
Debería ser más sincero.,TRAIN,H3_F2,4,1,1,NEU,0.5539007,2,True,3,7.212121212121212
Es duro pero buen profesor.,TRAIN,H3_F2,5,3,1,POS,0.7211785,1,True,2,7.515151515151516
"Es un profesor ideal, pero tiene que hacer su sistema de enseñanza más fácil.",TRAIN,H3_F2,14,1,1,POS,0.6052752,2,True,3,10.242424242424242
"No tiene un buen dominio de la materia de tributación. Puede que sea bueno en otra materia, pero no en tributación.",TRAIN,H3_F2,21,1,1,NEG,0.6011802,1,True,2,12.363636363636363
Necesita mucha más capacidad de comprensión y debería ser más amigable con los estudiantes. Necesita más capacidad de comprensión.,TRAIN,H3_F2,19,1,1,POS,0.52826977,2,True,3,11.757575757575758
"Lo que intenta hacernos entender, nunca lo comprendemos por su forma de hablar.",TRAIN,H3_F2,13,1,1,NEG,0.542696,2,False,2,9.93939393939394
Es buena enseñando inglés.,TRAIN,H3_F2,4,1,1,POS,0.6827587,1,True,2,7.212121212121212
Nos hace entender lo difícil con mucha facilidad.,TRAIN,H3_F2,8,1,1,POS,0.59844786,2,False,2,8.424242424242424
Ojalá pudiera quedarse para siempre. :(,TRAIN,H3_F2,6,1,1,NEG,0.4873707,2,False,2,7.818181818181818
"Es un buen profesor, pero no toma en cuenta las enfermedades físicas de los estudiantes.",TRAIN,H3_F2,15,1,1,NEG,0.84346926,2,True,3,10.545454545454547
"Es una muy buena profesora, pero es muy débil en inglés.",TRAIN,H3_F2,11,1,1,NEG,0.45504513,2,True,3,9.333333333333334
Es honesto conmigo.,TRAIN,H3_F2,3,5,1,NEU,0.48802778,2,False,2,6.909090909090909
"Enseña bien, pero nos beneficiaría mucho un poco más de dinamismo en su enseñanza.",TRAIN,H3_F2,14,1,1,POS,0.77180994,1,True,2,10.242424242424242
Es un robot. Pero me gusta su actitud.,TRAIN,H3_F2,8,1,1,POS,0.70832294,1,True,2,8.424242424242424
Es un robot.,TRAIN,H3_F2,3,1,1,NEG,0.78080076,2,False,2,6.909090909090909
"Bueno, pero muy estricto.",TRAIN,H3_F2,4,1,1,NEU,0.74899983,2,True,3,7.212121212121212
Bien. No hay ningún problema. Buen desempeño.,TRAIN,H3_F2,7,2,1,POS,0.8080634,1,True,2,8.121212121212121
"No tengo ningún comentario sobre él, porque no puedo entenderlo bien.",TRAIN,H3_F2,11,1,1,NEG,0.79928064,1,True,2,9.333333333333334
Es bueno pero no queda en la mente de los estudiantes por su actitud.,TRAIN,H3_F2,14,1,1,NEG,0.60182446,2,True,3,10.242424242424242
"Es un muy buen profesor, pero debe mejorar su inglés hablado para nosotros (estudiantes de medio inglés).",TRAIN,H3_F2,17,1,1,POS,0.69827235,2,True,3,11.151515151515152
El profesor tiene buen conocimiento de la materia y es comprensible.,TRAIN,H3_F2,11,2,1,POS,0.9630277,2,True,2,9.333333333333334
"A veces reacciona de forma exagerada, pero como profesora es aceptable.",TRAIN,H3_F2,11,1,1,NEU,0.6614723,2,True,3,9.333333333333334
Su pronunciación tiene acento regional; a veces es difícil de entender en clase,TRAIN,H3_F2,13,1,1,NEG,0.818227,2,True,3,9.93939393939394
fgfhdo kruyriewto87to87ruirtrierui rfiuoe yreg irye ire iid ore oy iierw ie re yror yuryureyoiryoe,TRAIN,H3_F2,14,1,1,NEU,0.6262812,2,False,2,10.242424242424242
Debería mejorar su método de enseñanza.,TRAIN,H3_F2,6,1,1,NEU,0.7293924,2,True,3,7.818181818181818
"Aunque no soy uno de los estudiantes de su primer lote del primer semestre, por eso puedo dar un 100% de garantía de que es uno de los mejores profesores que he visto en toda mi vida universitaria. Mucha suerte, profesor.",TRAIN,H4_LARGO,41,1,1,POS,0.9543331,1,True,1,18.924242424242426
"un docente excelente. de verdad hace que el estudiante entienda muy bien en clase. después de entender, nuestro concepto queda absolutamente claro. da excelentes ejemplos relacionados con el mundo real para hacernos entender un tema. hace la clase muy interesante. en general, un docente excelente.",TRAIN,H4_LARGO,45,1,1,POS,0.974446,1,False,0,20.136363636363637
"todos los estudiantes están bastante confundidos con su forma de calificar. no podemos entender lo que nos enseña. de hecho, termina algunos temas difíciles en una sola clase, lo cual es muy difícil de entender para nosotros, mientras que en otras secciones los profesores tomaron al menos 2 o 3 clases para terminar esos temas.",TRAIN,H4_LARGO,55,1,1,NEG,0.9395814,1,True,1,23.166666666666668
"No es para nada un buen profesor. Su comportamiento también es muy malo. Necesitamos cambiar a este profesor para mejorar la educación en AIUB. Los estudiantes no aprenden nada de él. No tiene una idea clara de su materia. Si le preguntas algo sobre la materia, dice: ""Intenta resolverlo tú mismo. No vengo aquí a resolver tus problemas"". Siempre se confunde cuando nos enseña algo. Le pido a la rectora que lo cambie lo antes posible.",TRAIN,H4_LARGO,76,1,1,NEG,0.9785135,1,True,1,29.53030303030303
"agresiva en su forma de vestir y su actitud, desnuda (obscena e indecente), no es una profesora para enseñar, como una bailarina de striptease, baila en clase, muestra su cuerpo y siempre se presenta como una mujer provocativa, usa fotua (tan delgada que se ve realmente desnuda), los estudiantes sienten vergüenza de verla y temor de ver su cuerpo. pedimos a las autoridades que cambien su forma de vestir en clase. los estudiantes vienen a la universidad a aprender algo, no a ver a una mujer desnuda y desagradable en clase.",TRAIN,H4_LARGO,91,1,1,NEG,0.9621709,1,True,1,34.07575757575758
"Respetado profesor, es guapo e inteligente también. Pero no atiende a todos los estudiantes de la clase. Solo atiende a algunos alumnos que conocen el software, pero los estudiantes promedio no tienen esa oportunidad. Realmente estoy molesto por este asunto. Ese es su único problema, pero salvo eso su estilo de enseñanza está bien. Cuídese, profesor. Rece por nosotros. Que Dios lo bendiga.",TRAIN,H4_LARGO,63,1,1,NEG,0.5814834,2,True,3,25.590909090909093
"No puede impartir bien las ensenanzas y, cuando se le pide que repita un tema, se burla e insulta a los estudiantes en lugar de explicar el tema con mas claridad. Esto hace la materia aun mas dificil de lo que es y tambien hace que estudiarla sea molesto.",TRAIN,H4_LARGO,49,1,1,NEG,0.97515917,1,True,1,21.34848484848485
"Su forma sólida, segura y bien fundamentada de enseñar muestra claramente cuánto importa la experiencia. Aunque la física no es una materia central de mi carrera, creo que mis bases sobre una materia fundamental como la física deberían ser claras, y me considero afortunado de tenerlo como profesor. Mi única petición para él sería: ""Profesor, nosotros, sus estudiantes, somos simples humanos y errar es humano, así que incluso con nuestro intento más sincero a veces terminamos cometiendo errores, y entonces solo nos queda esperar un poco de su clemencia. Realmente esperamos que sea amable como siempre y valore nuestros esfuerzos, gracias"".",TRAIN,H4_LARGO,101,1,1,POS,0.8635801,1,True,1,37.10606060606061
"Lo dije una vez y lo digo de nuevo: es un muy buen profesor. Tiene un buen conocimiento de la enseñanza. Explica las cosas de una forma muy fácil. A veces algunos estudiantes dicen que no entendieron lo que explicó el profesor, pero yo los encontré distraídos en clase. No estoy mintiendo. Explica las cosas dos o tres veces si alguien quiere entenderlas de nuevo. Y nunca habla de forma grosera, incluso si vamos a su oficina a entender algo simple y fácil. Es simplemente muy bueno.",TRAIN,H4_LARGO,87,1,1,POS,0.91725785,1,True,1,32.86363636363636
"Su proceso de enseñanza es muy bueno para que el estudiante pueda entender. Es muy inteligente, lo que se refleja en el estudiante. Siempre se preocupa por los estudiantes. Tiene muchas ideas sobre toda la materia, lo cual es muy agradable.",TRAIN,H4_LARGO,41,1,1,POS,0.9711068,1,False,0,18.924242424242426
